<?xml version="1.0" encoding="UTF-8"?>
	<addon id="repository.paczus13" name="paczus13" version="0.7" provider-name="paczus13">
		<extension point="xbmc.addon.repository" name="paczus13">
			<info compressed="false">https://raw.githubusercontent.com/paczus13/blomqvist/master/zips/addons.xml</info>
			<checksum>https://raw.githubusercontent.com/paczus13/blomqvist/master/zips/addons.xml.md5</checksum>
			<datadir zip="true">https://github.com/paczus13/blomqvist/raw/master/zips</datadir>
			<dir>
				<info compressed="false">https://raw.githubusercontent.com/Proximus2000/mb-support/master/zips/addons.xml</info>
				<checksum>https://raw.githubusercontent.com/Proximus2000/mb-support/master/zips/addons.xml.md5</checksum>
				<datadir zip="true">https://github.com/Proximus2000/mb-support/raw/master/zips</datadir>
			</dir>
			<dir>
				<info compressed="false">https://raw.githubusercontent.com/Gujal00/smrzips/master/addons.xml</info>
				<checksum>https://raw.githubusercontent.com/Gujal00/smrzips/master/addons.xml.md5</checksum>
				<datadir zip="true">https://raw.githubusercontent.com/Gujal00/smrzips/master/zips/</datadir>
			</dir>
		</extension>
		<extension point="xbmc.addon.metadata">
			<summary>...</summary>
			<description>...</description>
			<platform>all</platform>
		</extension>
        <assets>
            <icon>icon.png</icon>
            <fanart>fanart.jpg</fanart>			
        </assets>			
</addon>
